Wavelength_nm,Raw_Counts,Display_Value
350.0000,1110.98,1110.9802
350.3175,1109.81,1109.8147
350.6351,1111.10,1111.0951
350.9526,1110.54,1110.5393
351.2702,1110.03,1110.0336
351.5877,1110.54,1110.5421
351.9052,1110.74,1110.7430
352.2228,1110.89,1110.8925
352.5403,1110.77,1110.7677
352.8578,1110.35,1110.3520
353.1754,1110.81,1110.8074
353.4929,1110.94,1110.9359
353.8105,1111.02,1111.0171
354.1280,1110.13,1110.1252
354.4455,1111.05,1111.0473
354.7631,1110.92,1110.9188
355.0806,1111.31,1111.3069
355.3981,1111.05,1111.0471
355.7157,1110.76,1110.7565
356.0332,1110.38,1110.3826
356.3508,1111.36,1111.3637
356.6683,1111.22,1111.2226
356.9858,1111.04,1111.0377
357.3034,1111.21,1111.2089
357.6209,1110.89,1110.8874
357.9384,1111.04,1111.0354
358.2560,1112.74,1112.7426
358.5735,1111.43,1111.4311
358.8911,1111.05,1111.0517
359.2086,1112.21,1112.2089
359.5261,1111.52,1111.5185
359.8437,1112.88,1112.8797
360.1612,1111.37,1111.3728
360.4787,1111.33,1111.3304
360.7963,1111.89,1111.8925
361.1138,1111.02,1111.0236
361.4314,1112.28,1112.2793
361.7489,1111.44,1111.4435
362.0664,1112.17,1112.1694
362.3840,1112.14,1112.1448
362.7015,1112.28,1112.2828
363.0191,1112.45,1112.4458
363.3366,1112.71,1112.7068
363.6541,1112.13,1112.1267
363.9717,1112.37,1112.3730
364.2892,1112.04,1112.0390
364.6067,1113.24,1113.2408
364.9243,1111.67,1111.6687
365.2418,1112.41,1112.4066
365.5594,1112.99,1112.9902
365.8769,1112.33,1112.3264
366.1944,1112.93,1112.9316
366.5120,1113.09,1113.0874
366.8295,1112.62,1112.6212
367.1470,1113.55,1113.5469
367.4646,1113.51,1113.5083
367.7821,1113.03,1113.0342
368.0997,1113.86,1113.8582
368.4172,1113.24,1113.2365
368.7347,1114.30,1114.2969
369.0523,1114.19,1114.1854
369.3698,1113.19,1113.1917
369.6873,1113.34,1113.3445
370.0049,1113.91,1113.9070
370.3224,1112.86,1112.8603
370.6400,1114.41,1114.4116
370.9575,1113.73,1113.7277
371.2750,1114.54,1114.5361
371.5926,1114.10,1114.0994
371.9101,1114.19,1114.1866
372.2277,1114.28,1114.2765
372.5452,1114.14,1114.1429
372.8627,1113.65,1113.6468
373.1803,1114.14,1114.1442
373.4978,1113.86,1113.8648
373.8153,1114.25,1114.2476
374.1329,1114.84,1114.8425
374.4504,1114.17,1114.1686
374.7680,1114.33,1114.3344
375.0855,1114.53,1114.5331
375.4030,1114.33,1114.3296
375.7206,1115.61,1115.6134
376.0381,1115.21,1115.2118
376.3556,1115.11,1115.1100
376.6732,1114.24,1114.2397
376.9907,1114.97,1114.9729
377.3083,1116.24,1116.2369
377.6258,1115.45,1115.4452
377.9433,1115.67,1115.6687
378.2609,1115.38,1115.3778
378.5784,1115.34,1115.3355
378.8959,1115.64,1115.6408
379.2135,1115.75,1115.7493
379.5310,1114.64,1114.6394
379.8486,1115.80,1115.8033
380.1661,1116.15,1116.1514
380.4836,1115.72,1115.7180
380.8012,1115.83,1115.8294
381.1187,1116.18,1116.1752
381.4362,1115.58,1115.5756
381.7538,1116.11,1116.1138
382.0713,1116.69,1116.6895
382.3889,1116.82,1116.8164
382.7064,1114.93,1114.9326
383.0239,1116.46,1116.4633
383.3415,1116.33,1116.3311
383.6590,1116.10,1116.0958
383.9766,1116.95,1116.9526
384.2941,1116.83,1116.8344
384.6116,1116.46,1116.4620
384.9292,1115.83,1115.8291
385.2467,1117.24,1117.2433
385.5642,1116.83,1116.8310
385.8818,1117.07,1117.0747
386.1993,1117.15,1117.1533
386.5169,1116.96,1116.9556
386.8344,1117.36,1117.3565
387.1519,1117.44,1117.4420
387.4695,1117.42,1117.4182
387.7870,1116.94,1116.9430
388.1045,1117.89,1117.8873
388.4221,1117.60,1117.5980
388.7396,1118.44,1118.4352
389.0572,1117.92,1117.9217
389.3747,1117.64,1117.6433
389.6922,1117.11,1117.1062
390.0098,1118.07,1118.0717
390.3273,1117.55,1117.5468
390.6448,1117.75,1117.7477
390.9624,1117.99,1117.9886
391.2799,1117.56,1117.5568
391.5975,1117.86,1117.8619
391.9150,1119.44,1119.4364
392.2325,1118.46,1118.4576
392.5501,1119.08,1119.0832
392.8676,1118.25,1118.2507
393.1851,1118.34,1118.3422
393.5027,1119.74,1119.7439
393.8202,1118.32,1118.3173
394.1378,1119.18,1119.1795
394.4553,1119.65,1119.6497
394.7728,1119.90,1119.8954
395.0904,1118.28,1118.2777
395.4079,1119.37,1119.3709
395.7255,1119.84,1119.8397
396.0430,1119.34,1119.3399
396.3605,1119.60,1119.6044
396.6781,1120.11,1120.1073
396.9956,1119.28,1119.2831
397.3131,1119.39,1119.3897
397.6307,1119.93,1119.9325
397.9482,1120.21,1120.2107
398.2658,1119.88,1119.8789
398.5833,1120.00,1120.0011
398.9008,1120.19,1120.1924
399.2184,1120.20,1120.2035
399.5359,1120.07,1120.0721
399.8534,1120.92,1120.9153
400.1710,1120.49,1120.4878
400.4885,1120.11,1120.1122
400.8061,1119.55,1119.5468
401.1236,1120.24,1120.2375
401.4411,1121.21,1121.2136
401.7587,1121.52,1121.5214
402.0762,1121.01,1121.0091
402.3937,1121.02,1121.0177
402.7113,1121.20,1121.1996
403.0288,1121.18,1121.1789
403.3464,1121.21,1121.2088
403.6639,1121.44,1121.4383
403.9814,1121.12,1121.1226
404.2990,1120.85,1120.8453
404.6165,1122.70,1122.6984
404.9340,1121.24,1121.2352
405.2516,1121.68,1121.6792
405.5691,1121.92,1121.9210
405.8867,1122.61,1122.6073
406.2042,1122.99,1122.9917
406.5217,1121.68,1121.6843
406.8393,1122.56,1122.5588
407.1568,1122.33,1122.3345
407.4744,1122.47,1122.4657
407.7919,1121.97,1121.9686
408.1094,1122.24,1122.2356
408.4270,1121.88,1121.8766
408.7445,1122.73,1122.7286
409.0620,1122.83,1122.8324
409.3796,1122.65,1122.6453
409.6971,1123.60,1123.5958
410.0147,1122.34,1122.3392
410.3322,1123.46,1123.4591
410.6497,1122.68,1122.6804
410.9673,1123.10,1123.0959
411.2848,1123.44,1123.4440
411.6023,1123.42,1123.4230
411.9199,1123.79,1123.7929
412.2374,1123.00,1123.0049
412.5550,1123.82,1123.8219
412.8725,1123.01,1123.0091
413.1900,1124.19,1124.1910
413.5076,1123.94,1123.9398
413.8251,1123.96,1123.9616
414.1426,1123.90,1123.8978
414.4602,1124.16,1124.1575
414.7777,1123.76,1123.7571
415.0953,1124.58,1124.5810
415.4128,1123.61,1123.6109
415.7303,1124.64,1124.6416
416.0479,1124.51,1124.5110
416.3654,1123.97,1123.9712
416.6830,1125.14,1125.1410
417.0005,1125.09,1125.0929
417.3180,1124.73,1124.7326
417.6356,1125.15,1125.1543
417.9531,1125.62,1125.6160
418.2706,1125.56,1125.5619
418.5882,1124.70,1124.6986
418.9057,1125.18,1125.1778
419.2233,1125.02,1125.0170
419.5408,1125.36,1125.3580
419.8583,1125.47,1125.4733
420.1759,1126.19,1126.1869
420.4934,1126.32,1126.3223
420.8109,1125.19,1125.1873
421.1285,1126.35,1126.3548
421.4460,1126.72,1126.7203
421.7636,1125.79,1125.7887
422.0811,1126.37,1126.3740
422.3986,1125.78,1125.7781
422.7162,1126.50,1126.5029
423.0337,1126.03,1126.0294
423.3512,1126.44,1126.4411
423.6688,1127.06,1127.0587
423.9863,1127.15,1127.1469
424.3039,1126.58,1126.5804
424.6214,1127.40,1127.4032
424.9389,1126.86,1126.8563
425.2565,1128.05,1128.0451
425.5740,1127.58,1127.5793
425.8915,1126.40,1126.3975
426.2091,1127.55,1127.5496
426.5266,1127.87,1127.8699
426.8442,1128.26,1128.2551
427.1617,1128.54,1128.5427
427.4792,1128.02,1128.0192
427.7968,1127.75,1127.7534
428.1143,1128.46,1128.4599
428.4319,1128.58,1128.5773
428.7494,1128.33,1128.3272
429.0669,1128.72,1128.7187
429.3845,1128.52,1128.5198
429.7020,1127.99,1127.9887
430.0195,1128.56,1128.5618
430.3371,1129.01,1129.0130
430.6546,1128.85,1128.8532
430.9722,1129.11,1129.1144
431.2897,1129.72,1129.7219
431.6072,1129.68,1129.6777
431.9248,1129.06,1129.0644
432.2423,1129.59,1129.5864
432.5598,1129.07,1129.0653
432.8774,1129.45,1129.4457
433.1949,1129.57,1129.5713
433.5125,1129.47,1129.4675
433.8300,1129.59,1129.5885
434.1475,1129.66,1129.6564
434.4651,1130.72,1130.7231
434.7826,1130.51,1130.5117
435.1001,1130.37,1130.3653
435.4177,1129.94,1129.9386
435.7352,1130.93,1130.9282
436.0528,1130.58,1130.5836
436.3703,1130.46,1130.4552
436.6878,1130.59,1130.5855
437.0054,1130.77,1130.7707
437.3229,1131.76,1131.7616
437.6404,1131.26,1131.2583
437.9580,1130.06,1130.0581
438.2755,1131.44,1131.4380
438.5931,1131.42,1131.4241
438.9106,1130.53,1130.5285
439.2281,1131.33,1131.3315
439.5457,1131.81,1131.8093
439.8632,1132.13,1132.1330
440.1808,1132.32,1132.3168
440.4983,1131.11,1131.1058
440.8158,1132.25,1132.2456
441.1334,1132.91,1132.9129
441.4509,1132.39,1132.3931
441.7684,1131.80,1131.7971
442.0860,1132.84,1132.8385
442.4035,1132.45,1132.4508
442.7211,1133.44,1133.4407
443.0386,1132.76,1132.7596
443.3561,1132.67,1132.6661
443.6737,1133.60,1133.6029
443.9912,1132.70,1132.6983
444.3087,1133.18,1133.1796
444.6263,1133.19,1133.1891
444.9438,1133.05,1133.0480
445.2614,1133.79,1133.7891
445.5789,1133.52,1133.5234
445.8964,1133.84,1133.8387
446.2140,1133.53,1133.5314
446.5315,1133.40,1133.3970
446.8490,1134.10,1134.1019
447.1666,1134.31,1134.3109
447.4841,1134.53,1134.5266
447.8017,1134.95,1134.9542
448.1192,1135.00,1135.0029
448.4367,1134.11,1134.1062
448.7543,1133.90,1133.9030
449.0718,1134.94,1134.9392
449.3894,1134.06,1134.0563
449.7069,1135.06,1135.0553
450.0244,1135.83,1135.8290
450.3420,1135.20,1135.1963
450.6595,1135.65,1135.6514
450.9770,1134.64,1134.6372
451.2946,1135.46,1135.4596
451.6121,1134.81,1134.8133
451.9297,1136.52,1136.5174
452.2472,1136.15,1136.1514
452.5647,1136.75,1136.7508
452.8823,1136.02,1136.0238
453.1998,1136.31,1136.3132
453.5173,1136.91,1136.9084
453.8349,1136.71,1136.7099
454.1524,1136.76,1136.7551
454.4700,1137.00,1136.9998
454.7875,1136.56,1136.5592
455.1050,1136.12,1136.1221
455.4226,1136.95,1136.9501
455.7401,1136.10,1136.1018
456.0576,1137.56,1137.5626
456.3752,1137.38,1137.3830
456.6927,1137.52,1137.5198
457.0103,1137.41,1137.4078
457.3278,1137.13,1137.1324
457.6453,1137.06,1137.0590
457.9629,1138.20,1138.1969
458.2804,1137.15,1137.1464
458.5979,1137.95,1137.9470
458.9155,1137.53,1137.5285
459.2330,1137.60,1137.6014
459.5506,1137.98,1137.9763
459.8681,1137.22,1137.2202
460.1856,1137.92,1137.9205
460.5032,1138.16,1138.1625
460.8207,1139.18,1139.1794
461.1383,1138.57,1138.5709
461.4558,1138.76,1138.7572
461.7733,1139.09,1139.0913
462.0909,1138.83,1138.8317
462.4084,1139.23,1139.2296
462.7259,1139.87,1139.8735
463.0435,1139.79,1139.7902
463.3610,1138.71,1138.7125
463.6786,1140.01,1140.0100
463.9961,1138.87,1138.8739
464.3136,1139.95,1139.9512
464.6312,1140.06,1140.0601
464.9487,1139.75,1139.7458
465.2662,1139.20,1139.2003
465.5838,1139.73,1139.7282
465.9013,1140.25,1140.2520
466.2189,1141.11,1141.1129
466.5364,1140.32,1140.3247
466.8539,1140.81,1140.8138
467.1715,1141.00,1141.0044
467.4890,1140.32,1140.3189
467.8065,1140.31,1140.3109
468.1241,1140.55,1140.5536
468.4416,1141.48,1141.4790
468.7592,1141.74,1141.7413
469.0767,1140.95,1140.9509
469.3942,1141.39,1141.3898
469.7118,1141.85,1141.8502
470.0293,1141.59,1141.5890
470.3468,1141.74,1141.7354
470.6644,1141.38,1141.3841
470.9819,1141.10,1141.1047
471.2995,1142.19,1142.1914
471.6170,1142.38,1142.3832
471.9345,1141.93,1141.9275
472.2521,1142.37,1142.3687
472.5696,1141.75,1141.7494
472.8872,1142.94,1142.9394
473.2047,1143.57,1143.5729
473.5222,1142.59,1142.5915
473.8398,1142.98,1142.9774
474.1573,1142.75,1142.7512
474.4748,1143.61,1143.6131
474.7924,1143.43,1143.4282
475.1099,1142.64,1142.6375
475.4275,1143.37,1143.3653
475.7450,1143.26,1143.2640
476.0625,1142.78,1142.7759
476.3801,1143.63,1143.6339
476.6976,1143.77,1143.7698
477.0151,1143.60,1143.6024
477.3327,1142.73,1142.7297
477.6502,1143.64,1143.6415
477.9678,1144.54,1144.5370
478.2853,1144.85,1144.8455
478.6028,1144.61,1144.6089
478.9204,1144.61,1144.6143
479.2379,1144.35,1144.3543
479.5554,1145.19,1145.1884
479.8730,1145.17,1145.1743
480.1905,1145.06,1145.0613
480.5081,1144.15,1144.1460
480.8256,1145.45,1145.4474
481.1431,1145.28,1145.2842
481.4607,1146.36,1146.3562
481.7782,1145.40,1145.4046
482.0957,1144.69,1144.6883
482.4133,1145.77,1145.7687
482.7308,1145.46,1145.4568
483.0484,1145.85,1145.8540
483.3659,1146.26,1146.2553
483.6834,1145.73,1145.7286
484.0010,1145.79,1145.7927
484.3185,1146.48,1146.4848
484.6361,1146.22,1146.2197
484.9536,1146.91,1146.9072
485.2711,1146.86,1146.8631
485.5887,1147.11,1147.1112
485.9062,1146.83,1146.8306
486.2237,1146.51,1146.5118
486.5413,1147.27,1147.2659
486.8588,1146.56,1146.5610
487.1764,1146.75,1146.7478
487.4939,1147.98,1147.9778
487.8114,1147.30,1147.2950
488.1290,1147.96,1147.9640
488.4465,1146.86,1146.8551
488.7640,1147.52,1147.5231
489.0816,1147.39,1147.3877
489.3991,1148.15,1148.1495
489.7167,1147.84,1147.8430
490.0342,1148.70,1148.7035
490.3517,1148.14,1148.1438
490.6693,1148.37,1148.3729
490.9868,1148.57,1148.5709
491.3043,1147.97,1147.9679
491.6219,1148.71,1148.7105
491.9394,1148.28,1148.2848
492.2570,1147.94,1147.9392
492.5745,1149.69,1149.6930
492.8920,1149.61,1149.6133
493.2096,1149.46,1149.4630
493.5271,1149.40,1149.3984
493.8447,1148.85,1148.8460
494.1622,1149.07,1149.0681
494.4797,1149.42,1149.4238
494.7973,1149.80,1149.7971
495.1148,1150.59,1150.5936
495.4323,1149.01,1149.0105
495.7499,1150.05,1150.0504
496.0674,1150.67,1150.6687
496.3850,1151.05,1151.0475
496.7025,1150.77,1150.7732
497.0200,1150.84,1150.8354
497.3376,1151.16,1151.1569
497.6551,1151.11,1151.1051
497.9726,1150.47,1150.4668
498.2902,1150.20,1150.2002
498.6077,1150.78,1150.7842
498.9253,1150.97,1150.9744
499.2428,1152.14,1152.1435
499.5603,1152.20,1152.1955
499.8779,1151.63,1151.6274
500.1954,1151.26,1151.2643
500.5129,1151.94,1151.9376
500.8305,1151.99,1151.9860
501.1480,1151.08,1151.0823
501.4656,1152.14,1152.1446
501.7831,1151.99,1151.9940
502.1006,1151.31,1151.3090
502.4182,1151.48,1151.4842
502.7357,1152.89,1152.8889
503.0532,1152.96,1152.9564
503.3708,1152.54,1152.5364
503.6883,1152.87,1152.8682
504.0059,1151.98,1151.9759
504.3234,1152.51,1152.5059
504.6409,1152.75,1152.7534
504.9585,1153.39,1153.3860
505.2760,1152.93,1152.9329
505.5936,1152.30,1152.2963
505.9111,1153.62,1153.6167
506.2286,1153.53,1153.5252
506.5462,1153.55,1153.5497
506.8637,1153.19,1153.1884
507.1812,1153.83,1153.8323
507.4988,1153.23,1153.2308
507.8163,1154.13,1154.1292
508.1339,1154.30,1154.2962
508.4514,1153.69,1153.6870
508.7689,1154.00,1153.9981
509.0865,1154.64,1154.6387
509.4040,1153.43,1153.4336
509.7215,1153.76,1153.7618
510.0391,1154.71,1154.7079
510.3566,1155.21,1155.2142
510.6742,1155.23,1155.2326
510.9917,1154.35,1154.3510
511.3092,1154.56,1154.5597
511.6268,1154.32,1154.3184
511.9443,1155.06,1155.0622
512.2618,1154.87,1154.8725
512.5794,1155.96,1155.9585
512.8969,1155.10,1155.1049
513.2145,1155.66,1155.6606
513.5320,1155.11,1155.1120
513.8495,1155.35,1155.3461
514.1671,1156.63,1156.6256
514.4846,1155.61,1155.6108
514.8021,1156.10,1156.1027
515.1197,1155.84,1155.8364
515.4372,1155.58,1155.5801
515.7548,1156.42,1156.4191
516.0723,1156.27,1156.2729
516.3898,1156.60,1156.6048
516.7074,1156.15,1156.1480
517.0249,1156.65,1156.6518
517.3425,1156.15,1156.1481
517.6600,1155.91,1155.9093
517.9775,1156.91,1156.9093
518.2951,1157.02,1157.0184
518.6126,1156.70,1156.7010
518.9301,1157.05,1157.0500
519.2477,1158.30,1158.3021
519.5652,1157.86,1157.8596
519.8828,1156.87,1156.8697
520.2003,1157.92,1157.9236
520.5178,1157.90,1157.9021
520.8354,1158.86,1158.8637
521.1529,1158.91,1158.9088
521.4704,1160.11,1160.1089
521.7880,1162.34,1162.3395
522.1055,1163.82,1163.8162
522.4231,1166.36,1166.3611
522.7406,1171.44,1171.4368
523.0581,1177.04,1177.0386
523.3757,1185.29,1185.2926
523.6932,1195.68,1195.6831
524.0107,1210.56,1210.5623
524.3283,1229.46,1229.4623
524.6458,1252.99,1252.9945
524.9634,1285.79,1285.7869
525.2809,1325.34,1325.3441
525.5984,1373.89,1373.8868
525.9160,1435.18,1435.1844
526.2335,1507.14,1507.1425
526.5511,1593.63,1593.6259
526.8686,1695.34,1695.3425
527.1861,1811.92,1811.9248
527.5037,1944.74,1944.7377
527.8212,2092.20,2092.2046
528.1387,2253.13,2253.1349
528.4563,2426.08,2426.0843
528.7738,2607.03,2607.0347
529.0914,2793.29,2793.2888
529.4089,2981.11,2981.1114
529.7264,3164.77,3164.7712
530.0440,3339.89,3339.8938
530.3615,3499.22,3499.2195
530.6790,3638.74,3638.7357
530.9966,3755.13,3755.1290
531.3141,3842.30,3842.2985
531.6317,3897.31,3897.3129
531.9492,3917.08,3917.0845
532.2667,3903.08,3903.0815
532.5843,3855.32,3855.3244
532.9018,3774.77,3774.7747
533.2193,3664.22,3664.2214
533.5369,3529.33,3529.3295
533.8544,3373.08,3373.0828
534.1720,3201.06,3201.0638
534.4895,3018.99,3018.9913
534.8070,2831.23,2831.2282
535.1246,2644.36,2644.3595
535.4421,2461.37,2461.3651
535.7596,2286.57,2286.5708
536.0772,2123.79,2123.7868
536.3947,1972.51,1972.5097
536.7123,1837.10,1837.1006
537.0298,1717.72,1717.7206
537.3473,1612.94,1612.9422
537.6649,1523.36,1523.3565
537.9824,1448.46,1448.4612
538.3000,1385.50,1385.5004
538.6175,1334.00,1333.9961
538.9350,1292.83,1292.8329
539.2526,1259.59,1259.5912
539.5701,1235.42,1235.4245
539.8876,1214.85,1214.8460
540.2052,1198.82,1198.8178
540.5227,1187.87,1187.8703
540.8403,1179.99,1179.9889
541.1578,1173.74,1173.7375
541.4753,1169.60,1169.6043
541.7929,1166.33,1166.3307
542.1104,1163.66,1163.6626
542.4279,1162.21,1162.2104
542.7455,1161.29,1161.2899
543.0630,1160.29,1160.2853
543.3806,1159.31,1159.3060
543.6981,1159.46,1159.4642
544.0156,1158.35,1158.3510
544.3332,1158.92,1158.9187
544.6507,1158.09,1158.0928
544.9682,1158.01,1158.0126
545.2858,1158.38,1158.3831
545.6033,1158.87,1158.8656
545.9209,1156.92,1156.9150
546.2384,1157.80,1157.8045
546.5559,1156.92,1156.9168
546.8735,1157.83,1157.8327
547.1910,1157.06,1157.0569
547.5085,1157.34,1157.3388
547.8261,1157.38,1157.3841
548.1436,1156.37,1156.3717
548.4612,1157.12,1157.1180
548.7787,1156.61,1156.6081
549.0962,1156.31,1156.3139
549.4138,1156.01,1156.0143
549.7313,1156.43,1156.4324
550.0489,1154.34,1154.3351
550.3664,1155.32,1155.3181
550.6839,1155.07,1155.0737
551.0015,1155.15,1155.1479
551.3190,1154.62,1154.6241
551.6365,1154.49,1154.4917
551.9541,1154.26,1154.2633
552.2716,1153.19,1153.1906
552.5892,1153.18,1153.1797
552.9067,1154.42,1154.4226
553.2242,1153.32,1153.3237
553.5418,1153.00,1153.0006
553.8593,1151.23,1151.2335
554.1768,1152.45,1152.4478
554.4944,1151.53,1151.5253
554.8119,1150.84,1150.8427
555.1295,1151.09,1151.0929
555.4470,1150.52,1150.5231
555.7645,1150.07,1150.0741
556.0821,1150.00,1150.0026
556.3996,1148.80,1148.8030
556.7171,1149.30,1149.2996
557.0347,1148.57,1148.5696
557.3522,1148.92,1148.9246
557.6698,1148.04,1148.0426
557.9873,1146.62,1146.6234
558.3048,1147.48,1147.4786
558.6224,1147.46,1147.4574
558.9399,1146.43,1146.4258
559.2574,1145.61,1145.6115
559.5750,1145.37,1145.3689
559.8925,1145.53,1145.5297
560.2101,1144.65,1144.6462
560.5276,1144.41,1144.4112
560.8451,1143.67,1143.6674
561.1627,1143.81,1143.8124
561.4802,1143.34,1143.3374
561.7978,1143.11,1143.1112
562.1153,1142.26,1142.2645
562.4328,1141.83,1141.8347
562.7504,1142.67,1142.6700
563.0679,1141.72,1141.7184
563.3854,1141.57,1141.5711
563.7030,1139.48,1139.4830
564.0205,1139.67,1139.6712
564.3381,1139.36,1139.3572
564.6556,1139.13,1139.1263
564.9731,1137.75,1137.7532
565.2907,1139.08,1139.0784
565.6082,1138.97,1138.9704
565.9257,1137.85,1137.8493
566.2433,1137.65,1137.6478
566.5608,1136.44,1136.4439
566.8784,1136.42,1136.4214
567.1959,1136.62,1136.6231
567.5134,1136.51,1136.5063
567.8310,1135.05,1135.0466
568.1485,1135.36,1135.3595
568.4660,1134.66,1134.6600
568.7836,1134.14,1134.1352
569.1011,1134.26,1134.2630
569.4187,1134.21,1134.2079
569.7362,1132.46,1132.4622
570.0537,1132.06,1132.0573
570.3713,1132.77,1132.7731
570.6888,1131.48,1131.4822
571.0064,1131.51,1131.5081
571.3239,1132.08,1132.0783
571.6414,1132.07,1132.0662
571.9590,1131.10,1131.0972
572.2765,1130.85,1130.8476
572.5940,1129.84,1129.8437
572.9116,1130.97,1130.9702
573.2291,1129.71,1129.7123
573.5467,1129.15,1129.1512
573.8642,1129.95,1129.9511
574.1817,1129.40,1129.4048
574.4993,1129.53,1129.5296
574.8168,1128.32,1128.3233
575.1343,1128.48,1128.4845
575.4519,1128.23,1128.2309
575.7694,1127.84,1127.8368
576.0870,1127.44,1127.4445
576.4045,1127.03,1127.0265
576.7220,1127.64,1127.6411
577.0396,1127.85,1127.8459
577.3571,1127.45,1127.4501
577.6746,1126.90,1126.8952
577.9922,1127.33,1127.3334
578.3097,1127.73,1127.7256
578.6273,1127.19,1127.1888
578.9448,1127.69,1127.6916
579.2623,1127.74,1127.7365
579.5799,1126.85,1126.8545
579.8974,1127.07,1127.0747
580.2149,1126.73,1126.7319
580.5325,1127.54,1127.5351
580.8500,1126.53,1126.5342
581.1676,1127.40,1127.4047
581.4851,1127.53,1127.5300
581.8026,1127.21,1127.2102
582.1202,1127.63,1127.6290
582.4377,1128.00,1128.0023
582.7553,1128.25,1128.2519
583.0728,1127.80,1127.7972
583.3903,1128.29,1128.2857
583.7079,1128.38,1128.3751
584.0254,1128.24,1128.2420
584.3429,1128.52,1128.5205
584.6605,1128.38,1128.3799
584.9780,1128.77,1128.7662
585.2956,1129.29,1129.2875
585.6131,1129.27,1129.2729
585.9306,1129.09,1129.0915
586.2482,1130.38,1130.3834
586.5657,1130.29,1130.2877
586.8832,1129.85,1129.8450
587.2008,1130.18,1130.1847
587.5183,1131.13,1131.1329
587.8359,1131.14,1131.1442
588.1534,1132.41,1132.4092
588.4709,1132.61,1132.6074
588.7885,1131.70,1131.7021
589.1060,1133.07,1133.0699
589.4235,1132.81,1132.8125
589.7411,1134.11,1134.1126
590.0586,1133.34,1133.3359
590.3762,1134.33,1134.3308
590.6937,1135.08,1135.0818
591.0112,1135.28,1135.2756
591.3288,1135.03,1135.0250
591.6463,1136.54,1136.5365
591.9638,1136.62,1136.6233
592.2814,1136.23,1136.2254
592.5989,1137.74,1137.7393
592.9165,1137.83,1137.8342
593.2340,1138.67,1138.6703
593.5515,1138.35,1138.3502
593.8691,1138.99,1138.9899
594.1866,1139.19,1139.1890
594.5042,1139.94,1139.9428
594.8217,1140.78,1140.7805
595.1392,1140.44,1140.4399
595.4568,1140.44,1140.4412
595.7743,1140.84,1140.8432
596.0918,1141.96,1141.9633
596.4094,1142.79,1142.7884
596.7269,1142.35,1142.3497
597.0445,1142.68,1142.6828
597.3620,1143.65,1143.6514
597.6795,1144.89,1144.8858
597.9971,1144.84,1144.8366
598.3146,1145.21,1145.2136
598.6321,1146.39,1146.3869
598.9497,1145.84,1145.8407
599.2672,1146.96,1146.9644
599.5848,1147.55,1147.5460
599.9023,1147.85,1147.8471
600.2198,1147.37,1147.3741
600.5374,1148.89,1148.8928
600.8549,1149.19,1149.1876
601.1724,1149.20,1149.1951
601.4900,1149.81,1149.8113
601.8075,1150.02,1150.0228
602.1251,1150.94,1150.9433
602.4426,1151.94,1151.9436
602.7601,1151.98,1151.9763
603.0777,1152.36,1152.3596
603.3952,1153.50,1153.4992
603.7128,1151.95,1151.9527
604.0303,1153.58,1153.5824
604.3478,1152.81,1152.8134
604.6654,1154.21,1154.2131
604.9829,1154.64,1154.6370
605.3004,1154.71,1154.7096
605.6180,1155.13,1155.1309
605.9355,1155.73,1155.7309
606.2531,1155.68,1155.6757
606.5706,1156.60,1156.6031
606.8881,1156.51,1156.5096
607.2057,1156.65,1156.6475
607.5232,1157.82,1157.8178
607.8407,1157.42,1157.4227
608.1583,1158.45,1158.4518
608.4758,1158.76,1158.7556
608.7934,1158.65,1158.6507
609.1109,1158.12,1158.1208
609.4284,1159.39,1159.3873
609.7460,1158.65,1158.6481
610.0635,1160.01,1160.0092
610.3810,1160.52,1160.5157
610.6986,1160.21,1160.2060
611.0161,1161.01,1161.0098
611.3337,1161.08,1161.0832
611.6512,1161.11,1161.1072
611.9687,1162.06,1162.0567
612.2863,1162.10,1162.1024
612.6038,1161.92,1161.9194
612.9213,1161.93,1161.9258
613.2389,1162.54,1162.5379
613.5564,1162.70,1162.6965
613.8740,1162.70,1162.7023
614.1915,1162.76,1162.7634
614.5090,1163.16,1163.1634
614.8266,1163.33,1163.3313
615.1441,1162.87,1162.8665
615.4617,1163.53,1163.5316
615.7792,1164.23,1164.2267
616.0967,1164.63,1164.6288
616.4143,1164.69,1164.6894
616.7318,1164.53,1164.5342
617.0493,1164.83,1164.8307
617.3669,1165.73,1165.7276
617.6844,1165.09,1165.0918
618.0020,1165.40,1165.4048
618.3195,1165.20,1165.2003
618.6370,1166.44,1166.4367
618.9546,1165.21,1165.2056
619.2721,1165.46,1165.4563
619.5896,1165.76,1165.7626
619.9072,1165.88,1165.8834
620.2247,1165.22,1165.2155
620.5423,1165.70,1165.6992
620.8598,1166.45,1166.4479
621.1773,1166.61,1166.6123
621.4949,1166.32,1166.3172
621.8124,1166.61,1166.6074
622.1299,1166.27,1166.2657
622.4475,1166.70,1166.6960
622.7650,1166.63,1166.6329
623.0826,1167.16,1167.1618
623.4001,1167.00,1166.9982
623.7176,1166.54,1166.5424
624.0352,1167.36,1167.3603
624.3527,1167.13,1167.1318
624.6702,1167.46,1167.4576
624.9878,1166.33,1166.3294
625.3053,1167.76,1167.7556
625.6229,1167.25,1167.2491
625.9404,1166.49,1166.4905
626.2579,1167.13,1167.1347
626.5755,1167.15,1167.1490
626.8930,1166.46,1166.4627
627.2106,1167.66,1167.6630
627.5281,1167.31,1167.3053
627.8456,1167.10,1167.0974
628.1632,1167.77,1167.7711
628.4807,1167.26,1167.2597
628.7982,1166.75,1166.7542
629.1158,1167.85,1167.8535
629.4333,1167.29,1167.2894
629.7509,1167.53,1167.5274
630.0684,1166.55,1166.5547
630.3859,1167.99,1167.9877
630.7035,1167.23,1167.2306
631.0210,1167.41,1167.4065
631.3385,1167.32,1167.3203
631.6561,1167.49,1167.4917
631.9736,1166.94,1166.9359
632.2912,1167.26,1167.2586
632.6087,1168.57,1168.5710
632.9262,1167.71,1167.7147
633.2438,1168.12,1168.1241
633.5613,1167.16,1167.1551
633.8788,1167.96,1167.9626
634.1964,1168.32,1168.3161
634.5139,1168.59,1168.5861
634.8315,1169.16,1169.1622
635.1490,1168.58,1168.5845
635.4665,1168.92,1168.9167
635.7841,1169.90,1169.8999
636.1016,1170.44,1170.4442
636.4191,1172.06,1172.0627
636.7367,1172.11,1172.1084
637.0542,1172.96,1172.9629
637.3718,1174.05,1174.0494
637.6893,1175.41,1175.4074
638.0068,1176.87,1176.8703
638.3244,1178.99,1178.9912
638.6419,1181.17,1181.1705
638.9595,1183.04,1183.0429
639.2770,1186.93,1186.9347
639.5945,1190.02,1190.0239
639.9121,1195.61,1195.6090
640.2296,1199.65,1199.6523
640.5471,1205.28,1205.2762
640.8647,1211.86,1211.8583
641.1822,1218.81,1218.8083
641.4998,1228.33,1228.3327
641.8173,1237.97,1237.9671
642.1348,1248.36,1248.3560
642.4524,1260.58,1260.5750
642.7699,1275.06,1275.0614
643.0874,1290.26,1290.2573
643.4050,1307.06,1307.0597
643.7225,1326.55,1326.5537
644.0401,1347.65,1347.6462
644.3576,1370.78,1370.7782
644.6751,1395.06,1395.0569
644.9927,1423.69,1423.6902
645.3102,1453.11,1453.1064
645.6277,1486.02,1486.0170
645.9453,1521.21,1521.2101
646.2628,1558.58,1558.5816
646.5804,1599.73,1599.7322
646.8979,1642.60,1642.5983
647.2154,1687.81,1687.8092
647.5330,1736.92,1736.9155
647.8505,1787.00,1787.0018
648.1681,1841.27,1841.2694
648.4856,1896.40,1896.4031
648.8031,1954.64,1954.6362
649.1207,2014.10,2014.1041
649.4382,2075.29,2075.2881
649.7557,2137.71,2137.7073
650.0733,2200.82,2200.8194
650.3908,2264.57,2264.5742
650.7084,2329.98,2329.9837
651.0259,2394.44,2394.4448
651.3434,2458.61,2458.6124
651.6610,2520.89,2520.8869
651.9785,2582.82,2582.8241
652.2960,2643.40,2643.4043
652.6136,2701.14,2701.1355
652.9311,2755.27,2755.2682
653.2487,2807.11,2807.1074
653.5662,2855.11,2855.1070
653.8837,2897.43,2897.4305
654.2013,2938.07,2938.0725
654.5188,2971.60,2971.6023
654.8363,3000.97,3000.9686
655.1539,3024.56,3024.5583
655.4714,3043.35,3043.3523
655.7890,3055.03,3055.0289
656.1065,3062.61,3062.6081
656.4240,3062.87,3062.8660
656.7416,3056.94,3056.9444
657.0591,3045.56,3045.5603
657.3766,3029.16,3029.1584
657.6942,3006.18,3006.1808
658.0117,2977.83,2977.8326
658.3293,2945.17,2945.1739
658.6468,2906.87,2906.8665
658.9643,2864.05,2864.0495
659.2819,2815.99,2815.9920
659.5994,2765.44,2765.4362
659.9170,2710.55,2710.5457
660.2345,2654.18,2654.1846
660.5520,2595.75,2595.7451
660.8696,2532.95,2532.9529
661.1871,2470.10,2470.0985
661.5046,2406.17,2406.1670
661.8222,2342.36,2342.3576
662.1397,2277.03,2277.0284
662.4573,2212.53,2212.5326
662.7748,2149.83,2149.8344
663.0923,2086.25,2086.2526
663.4099,2023.42,2023.4173
663.7274,1964.82,1964.8225
664.0449,1905.87,1905.8682
664.3625,1849.15,1849.1477
664.6800,1796.17,1796.1732
664.9976,1744.82,1744.8188
665.3151,1694.98,1694.9772
665.6326,1649.02,1649.0159
665.9502,1604.52,1604.5167
666.2677,1563.30,1563.3012
666.5852,1524.55,1524.5491
666.9028,1488.99,1488.9883
667.2203,1455.96,1455.9639
667.5379,1425.17,1425.1657
667.8554,1396.58,1396.5813
668.1729,1370.26,1370.2602
668.4905,1346.87,1346.8667
668.8080,1324.68,1324.6797
669.1255,1306.37,1306.3745
669.4431,1288.07,1288.0687
669.7606,1272.05,1272.0535
670.0782,1257.82,1257.8228
670.3957,1245.58,1245.5782
670.7132,1234.02,1234.0154
671.0308,1224.22,1224.2199
671.3483,1214.83,1214.8302
671.6659,1207.01,1207.0129
671.9834,1200.16,1200.1594
672.3009,1194.58,1194.5756
672.6185,1189.94,1189.9444
672.9360,1184.98,1184.9789
673.2535,1181.21,1181.2129
673.5711,1178.20,1178.1976
673.8886,1173.75,1173.7462
674.2062,1171.53,1171.5276
674.5237,1169.76,1169.7631
674.8412,1167.79,1167.7921
675.1588,1166.15,1166.1538
675.4763,1164.02,1164.0177
675.7938,1163.32,1163.3166
676.1114,1163.10,1163.1001
676.4289,1161.62,1161.6205
676.7465,1160.75,1160.7521
677.0640,1160.08,1160.0752
677.3815,1159.82,1159.8194
677.6991,1159.95,1159.9502
678.0166,1158.96,1158.9596
678.3341,1159.22,1159.2232
678.6517,1159.21,1159.2098
678.9692,1158.19,1158.1875
679.2868,1157.61,1157.6133
679.6043,1158.54,1158.5405
679.9218,1158.26,1158.2639
680.2394,1158.14,1158.1389
680.5569,1157.93,1157.9251
680.8745,1157.44,1157.4381
681.1920,1157.40,1157.4001
681.5095,1156.77,1156.7727
681.8271,1157.06,1157.0619
682.1446,1156.69,1156.6867
682.4621,1156.49,1156.4881
682.7797,1156.58,1156.5807
683.0972,1156.75,1156.7519
683.4148,1156.64,1156.6433
683.7323,1156.53,1156.5316
684.0498,1156.47,1156.4663
684.3674,1156.34,1156.3408
684.6849,1155.76,1155.7552
685.0024,1156.55,1156.5520
685.3200,1155.81,1155.8075
685.6375,1155.82,1155.8241
685.9551,1155.65,1155.6518
686.2726,1155.50,1155.4973
686.5901,1154.39,1154.3884
686.9077,1155.18,1155.1807
687.2252,1155.41,1155.4147
687.5427,1154.36,1154.3648
687.8603,1155.51,1155.5134
688.1778,1154.86,1154.8616
688.4954,1155.46,1155.4634
688.8129,1155.07,1155.0742
689.1304,1155.30,1155.2975
689.4480,1154.95,1154.9506
689.7655,1154.73,1154.7288
690.0830,1153.82,1153.8163
690.4006,1154.41,1154.4130
690.7181,1154.10,1154.0956
691.0357,1155.00,1154.9968
691.3532,1154.33,1154.3318
691.6707,1153.91,1153.9110
691.9883,1153.31,1153.3068
692.3058,1153.47,1153.4690
692.6234,1154.00,1153.9958
692.9409,1154.02,1154.0237
693.2584,1153.22,1153.2169
693.5760,1152.52,1152.5193
693.8935,1152.63,1152.6338
694.2110,1153.02,1153.0203
694.5286,1153.53,1153.5327
694.8461,1153.39,1153.3943
695.1637,1153.50,1153.5022
695.4812,1152.19,1152.1917
695.7987,1152.28,1152.2777
696.1163,1152.78,1152.7766
696.4338,1151.79,1151.7888
696.7513,1152.94,1152.9366
697.0689,1152.03,1152.0338
697.3864,1151.70,1151.6973
697.7040,1152.08,1152.0763
698.0215,1152.35,1152.3512
698.3390,1151.48,1151.4831
698.6566,1152.16,1152.1642
698.9741,1151.40,1151.4031
699.2916,1151.51,1151.5065
699.6092,1151.43,1151.4281
699.9267,1151.72,1151.7157
700.2443,1151.27,1151.2676
700.5618,1151.23,1151.2299
700.8793,1150.71,1150.7137
701.1969,1151.28,1151.2752
701.5144,1151.35,1151.3501
701.8319,1150.86,1150.8616
702.1495,1151.63,1151.6322
702.4670,1151.01,1151.0122
702.7846,1150.19,1150.1931
703.1021,1150.38,1150.3791
703.4196,1149.78,1149.7849
703.7372,1150.41,1150.4078
704.0547,1149.88,1149.8768
704.3723,1150.96,1150.9576
704.6898,1149.42,1149.4173
705.0073,1149.93,1149.9301
705.3249,1149.34,1149.3412
705.6424,1150.01,1150.0143
705.9599,1149.29,1149.2905
706.2775,1149.74,1149.7356
706.5950,1149.44,1149.4423
706.9126,1149.72,1149.7170
707.2301,1148.75,1148.7549
707.5476,1149.96,1149.9583
707.8652,1148.83,1148.8267
708.1827,1148.86,1148.8596
708.5002,1148.70,1148.7037
708.8178,1148.88,1148.8750
709.1353,1148.95,1148.9463
709.4529,1148.07,1148.0744
709.7704,1148.49,1148.4922
710.0879,1148.10,1148.1006
710.4055,1148.53,1148.5313
710.7230,1148.07,1148.0733
711.0405,1147.81,1147.8064
711.3581,1147.68,1147.6846
711.6756,1147.48,1147.4788
711.9932,1147.73,1147.7268
712.3107,1147.83,1147.8307
712.6282,1147.87,1147.8711
712.9458,1146.99,1146.9930
713.2633,1146.18,1146.1814
713.5809,1147.62,1147.6185
713.8984,1147.14,1147.1426
714.2159,1146.53,1146.5297
714.5335,1146.63,1146.6329
714.8510,1147.45,1147.4501
715.1685,1146.60,1146.6042
715.4861,1146.74,1146.7400
715.8036,1146.01,1146.0110
716.1212,1145.48,1145.4840
716.4387,1146.24,1146.2437
716.7562,1145.63,1145.6325
717.0738,1146.27,1146.2685
717.3913,1144.95,1144.9479
717.7088,1145.46,1145.4616
718.0264,1145.88,1145.8784
718.3439,1145.09,1145.0944
718.6615,1145.58,1145.5780
718.9790,1145.86,1145.8634
719.2965,1145.07,1145.0688
719.6141,1145.24,1145.2394
719.9316,1144.79,1144.7938
720.2491,1143.94,1143.9428
720.5667,1145.81,1145.8087
720.8842,1143.87,1143.8685
721.2018,1144.82,1144.8150
721.5193,1143.72,1143.7163
721.8368,1143.86,1143.8614
722.1544,1144.57,1144.5669
722.4719,1143.77,1143.7748
722.7894,1143.53,1143.5309
723.1070,1144.21,1144.2076
723.4245,1144.33,1144.3326
723.7421,1144.52,1144.5162
724.0596,1142.91,1142.9063
724.3771,1143.26,1143.2575
724.6947,1142.99,1142.9935
725.0122,1143.74,1143.7404
725.3298,1141.96,1141.9615
725.6473,1142.04,1142.0365
725.9648,1142.58,1142.5825
726.2824,1142.29,1142.2930
726.5999,1143.38,1143.3786
726.9174,1142.67,1142.6736
727.2350,1142.45,1142.4517
727.5525,1142.36,1142.3637
727.8701,1141.97,1141.9691
728.1876,1142.12,1142.1249
728.5051,1141.44,1141.4394
728.8227,1142.39,1142.3877
729.1402,1142.01,1142.0108
729.4577,1141.83,1141.8339
729.7753,1142.19,1142.1943
730.0928,1141.58,1141.5766
730.4104,1140.39,1140.3882
730.7279,1142.34,1142.3368
731.0454,1141.08,1141.0798
731.3630,1140.77,1140.7740
731.6805,1141.64,1141.6435
731.9980,1140.23,1140.2331
732.3156,1140.97,1140.9717
732.6331,1140.60,1140.6007
732.9507,1139.71,1139.7054
733.2682,1141.10,1141.1007
733.5857,1139.54,1139.5358
733.9033,1140.20,1140.1961
734.2208,1140.11,1140.1128
734.5383,1140.84,1140.8388
734.8559,1140.52,1140.5162
735.1734,1139.61,1139.6076
735.4910,1139.16,1139.1649
735.8085,1140.00,1139.9955
736.1260,1139.02,1139.0164
736.4436,1139.08,1139.0834
736.7611,1138.94,1138.9360
737.0787,1139.61,1139.6113
737.3962,1139.54,1139.5377
737.7137,1139.02,1139.0210
738.0313,1139.12,1139.1246
738.3488,1138.65,1138.6481
738.6663,1138.50,1138.5008
738.9839,1138.62,1138.6153
739.3014,1138.42,1138.4233
739.6190,1138.50,1138.5008
739.9365,1138.39,1138.3875
740.2540,1137.16,1137.1644
740.5716,1138.34,1138.3414
740.8891,1137.96,1137.9576
741.2066,1137.42,1137.4156
741.5242,1137.73,1137.7257
741.8417,1137.95,1137.9452
742.1593,1137.19,1137.1866
742.4768,1137.84,1137.8363
742.7943,1137.32,1137.3217
743.1119,1137.35,1137.3505
743.4294,1137.15,1137.1509
743.7469,1136.57,1136.5720
744.0645,1136.80,1136.7994
744.3820,1136.51,1136.5114
744.6996,1137.09,1137.0861
745.0171,1136.71,1136.7119
745.3346,1136.87,1136.8693
745.6522,1137.05,1137.0490
745.9697,1135.59,1135.5866
746.2872,1136.63,1136.6274
746.6048,1136.26,1136.2557
746.9223,1136.04,1136.0433
747.2399,1135.87,1135.8711
747.5574,1135.21,1135.2100
747.8749,1135.72,1135.7180
748.1925,1135.72,1135.7208
748.5100,1134.72,1134.7164
748.8276,1135.85,1135.8538
749.1451,1134.94,1134.9440
749.4626,1135.29,1135.2885
749.7802,1135.35,1135.3478
750.0977,1135.01,1135.0094
750.4152,1134.30,1134.3046
750.7328,1134.36,1134.3576
751.0503,1133.75,1133.7456
751.3679,1133.81,1133.8080
751.6854,1134.63,1134.6269
752.0029,1134.65,1134.6488
752.3205,1133.90,1133.9025
752.6380,1134.77,1134.7728
752.9555,1133.47,1133.4658
753.2731,1133.19,1133.1903
753.5906,1133.28,1133.2790
753.9082,1133.86,1133.8634
754.2257,1133.53,1133.5332
754.5432,1133.53,1133.5349
754.8608,1132.98,1132.9781
755.1783,1132.82,1132.8166
755.4958,1133.07,1133.0720
755.8134,1133.31,1133.3066
756.1309,1134.14,1134.1393
756.4485,1132.27,1132.2693
756.7660,1132.30,1132.3037
757.0835,1132.34,1132.3423
757.4011,1131.90,1131.9045
757.7186,1133.04,1133.0353
758.0362,1132.03,1132.0330
758.3537,1132.85,1132.8545
758.6712,1132.37,1132.3732
758.9888,1131.72,1131.7211
759.3063,1132.29,1132.2927
759.6238,1132.01,1132.0129
759.9414,1132.31,1132.3076
760.2589,1131.69,1131.6923
760.5765,1131.69,1131.6870
760.8940,1131.62,1131.6245
761.2115,1131.41,1131.4051
761.5291,1131.45,1131.4455
761.8466,1131.17,1131.1704
762.1641,1130.61,1130.6061
762.4817,1130.85,1130.8524
762.7992,1131.12,1131.1166
763.1168,1130.56,1130.5599
763.4343,1130.84,1130.8412
763.7518,1130.17,1130.1703
764.0694,1130.72,1130.7163
764.3869,1130.71,1130.7143
764.7044,1130.03,1130.0284
765.0220,1130.69,1130.6930
765.3395,1129.78,1129.7777
765.6571,1129.65,1129.6470
765.9746,1130.31,1130.3098
766.2921,1129.76,1129.7624
766.6097,1130.28,1130.2848
766.9272,1129.66,1129.6553
767.2447,1130.01,1130.0073
767.5623,1129.62,1129.6220
767.8798,1128.89,1128.8919
768.1974,1129.03,1129.0282
768.5149,1129.48,1129.4794
768.8324,1128.58,1128.5758
769.1500,1128.77,1128.7671
769.4675,1128.77,1128.7722
769.7851,1128.44,1128.4423
770.1026,1129.11,1129.1128
770.4201,1128.80,1128.8048
770.7377,1129.42,1129.4198
771.0552,1128.48,1128.4825
771.3727,1128.80,1128.7995
771.6903,1128.06,1128.0592
772.0078,1128.24,1128.2370
772.3254,1127.99,1127.9887
772.6429,1127.91,1127.9085
772.9604,1127.67,1127.6746
773.2780,1127.46,1127.4555
773.5955,1127.72,1127.7197
773.9130,1127.14,1127.1352
774.2306,1127.57,1127.5687
774.5481,1127.42,1127.4242
774.8657,1127.27,1127.2749
775.1832,1126.60,1126.6007
775.5007,1126.83,1126.8320
775.8183,1126.83,1126.8294
776.1358,1126.37,1126.3659
776.4533,1126.19,1126.1866
776.7709,1126.40,1126.4031
777.0884,1127.16,1127.1607
777.4060,1125.88,1125.8757
777.7235,1126.14,1126.1367
778.0410,1126.19,1126.1888
778.3586,1126.01,1126.0116
778.6761,1125.59,1125.5904
778.9936,1126.69,1126.6914
779.3112,1125.07,1125.0709
779.6287,1126.10,1126.1005
779.9463,1125.78,1125.7844
780.2638,1124.99,1124.9888
780.5813,1125.27,1125.2695
780.8989,1126.15,1126.1455
781.2164,1125.03,1125.0324
781.5340,1126.31,1126.3111
781.8515,1125.09,1125.0931
782.1690,1125.16,1125.1604
782.4866,1124.96,1124.9602
782.8041,1125.10,1125.1020
783.1216,1125.02,1125.0203
783.4392,1125.00,1125.0005
783.7567,1124.83,1124.8293
784.0743,1124.51,1124.5052
784.3918,1124.18,1124.1829
784.7093,1124.04,1124.0367
785.0269,1123.34,1123.3430
785.3444,1124.64,1124.6435
785.6619,1123.95,1123.9463
785.9795,1124.36,1124.3580
786.2970,1124.67,1124.6669
786.6146,1123.52,1123.5196
786.9321,1123.94,1123.9418
787.2496,1124.04,1124.0380
787.5672,1123.38,1123.3830
787.8847,1123.30,1123.2961
788.2022,1123.64,1123.6372
788.5198,1122.86,1122.8597
788.8373,1123.12,1123.1227
789.1549,1123.33,1123.3331
789.4724,1123.52,1123.5227
789.7899,1123.37,1123.3748
790.1075,1122.73,1122.7263
790.4250,1122.36,1122.3582
790.7426,1123.15,1123.1483
791.0601,1122.67,1122.6702
791.3776,1122.46,1122.4591
791.6952,1122.24,1122.2352
792.0127,1121.85,1121.8525
792.3302,1122.77,1122.7725
792.6478,1122.77,1122.7730
792.9653,1121.71,1121.7117
793.2829,1122.50,1122.5011
793.6004,1122.19,1122.1865
793.9179,1120.83,1120.8337
794.2355,1121.89,1121.8871
794.5530,1121.68,1121.6782
794.8705,1121.97,1121.9680
795.1881,1121.37,1121.3722
795.5056,1122.16,1122.1596
795.8232,1120.88,1120.8765
796.1407,1121.34,1121.3449
796.4582,1121.59,1121.5941
796.7758,1121.52,1121.5208
797.0933,1121.27,1121.2664
797.4108,1121.21,1121.2123
797.7284,1122.25,1122.2522
798.0459,1121.35,1121.3507
798.3635,1122.06,1122.0583
798.6810,1122.84,1122.8407
798.9985,1123.64,1123.6440
799.3161,1125.59,1125.5881
799.6336,1127.99,1127.9894
799.9511,1132.62,1132.6240
800.2687,1138.68,1138.6839
800.5862,1147.21,1147.2104
800.9038,1158.96,1158.9629
801.2213,1176.72,1176.7159
801.5388,1199.79,1199.7891
801.8564,1230.67,1230.6707
802.1739,1269.78,1269.7790
802.4915,1321.02,1321.0160
802.8090,1385.57,1385.5701
803.1265,1464.91,1464.9128
803.4441,1560.00,1560.0046
803.7616,1673.50,1673.4996
804.0791,1803.55,1803.5522
804.3967,1951.25,1951.2520
804.7142,2113.50,2113.4958
805.0318,2287.87,2287.8711
805.3493,2471.17,2471.1678
805.6668,2658.10,2658.1026
805.9844,2841.49,2841.4933
806.3019,3014.62,3014.6183
806.6194,3172.77,3172.7727
806.9370,3306.98,3306.9807
807.2545,3412.40,3412.3999
807.5721,3483.53,3483.5279
807.8896,3515.61,3515.6060
808.2071,3509.87,3509.8709
808.5247,3465.61,3465.6075
808.8422,3383.64,3383.6352
809.1597,3268.52,3268.5200
809.4773,3126.54,3126.5440
809.7948,2963.32,2963.3239
810.1124,2785.58,2785.5787
810.4299,2600.90,2600.8960
810.7474,2413.37,2413.3666
811.0650,2232.66,2232.6606
811.3825,2061.23,2061.2325
811.7000,1902.40,1902.3962
812.0176,1760.34,1760.3405
812.3351,1634.79,1634.7890
812.6527,1527.45,1527.4495
812.9702,1436.53,1436.5313
813.2877,1361.73,1361.7280
813.6053,1302.39,1302.3905
813.9228,1253.82,1253.8161
814.2404,1217.47,1217.4678
814.5579,1189.33,1189.3272
814.8754,1167.72,1167.7184
815.1930,1151.55,1151.5451
815.5105,1141.03,1141.0283
815.8280,1132.82,1132.8248
816.1456,1126.92,1126.9222
816.4631,1123.53,1123.5302
816.7807,1121.21,1121.2104
817.0982,1119.90,1119.8983
817.4157,1118.17,1118.1712
817.7333,1117.10,1117.1006
818.0508,1116.67,1116.6663
818.3683,1116.13,1116.1292
818.6859,1115.90,1115.9030
819.0034,1116.28,1116.2807
819.3210,1115.99,1115.9905
819.6385,1115.82,1115.8220
819.9560,1115.72,1115.7159
820.2736,1115.45,1115.4463
820.5911,1115.41,1115.4082
820.9086,1114.72,1114.7180
821.2262,1115.69,1115.6881
821.5437,1115.02,1115.0232
821.8613,1116.30,1116.3019
822.1788,1115.05,1115.0521
822.4963,1115.18,1115.1841
822.8139,1114.86,1114.8621
823.1314,1115.48,1115.4821
823.4489,1114.97,1114.9686
823.7665,1113.84,1113.8361
824.0840,1114.80,1114.8025
824.4016,1114.47,1114.4729
824.7191,1114.01,1114.0141
825.0366,1114.31,1114.3102
825.3542,1115.15,1115.1491
825.6717,1114.79,1114.7931
825.9893,1114.68,1114.6839
826.3068,1114.76,1114.7596
826.6243,1114.47,1114.4685
826.9419,1114.13,1114.1282
827.2594,1113.81,1113.8145
827.5769,1114.51,1114.5064
827.8945,1114.03,1114.0346
828.2120,1113.54,1113.5367
828.5296,1113.92,1113.9227
828.8471,1113.85,1113.8483
829.1646,1113.28,1113.2818
829.4822,1113.42,1113.4190
829.7997,1114.70,1114.7023
830.1172,1113.48,1113.4845
830.4348,1113.84,1113.8352
830.7523,1114.55,1114.5542
831.0699,1113.89,1113.8901
831.3874,1113.04,1113.0354
831.7049,1113.79,1113.7876
832.0225,1112.96,1112.9577
832.3400,1113.35,1113.3450
832.6575,1112.72,1112.7160
832.9751,1112.57,1112.5656
833.2926,1112.68,1112.6832
833.6102,1112.96,1112.9585
833.9277,1111.80,1111.7985
834.2452,1113.02,1113.0193
834.5628,1112.93,1112.9309
834.8803,1113.17,1113.1689
835.1979,1113.41,1113.4105
835.5154,1112.09,1112.0876
835.8329,1112.34,1112.3443
836.1505,1112.58,1112.5824
836.4680,1112.31,1112.3132
836.7855,1112.71,1112.7104
837.1031,1111.97,1111.9663
837.4206,1111.80,1111.7991
837.7382,1112.19,1112.1858
838.0557,1112.27,1112.2684
838.3732,1111.93,1111.9322
838.6908,1112.82,1112.8206
839.0083,1112.29,1112.2931
839.3258,1111.39,1111.3870
839.6434,1112.11,1112.1094
839.9609,1112.74,1112.7433
840.2785,1111.37,1111.3693
840.5960,1111.85,1111.8450
840.9135,1111.47,1111.4746
841.2311,1111.06,1111.0589
841.5486,1111.98,1111.9816
841.8661,1111.27,1111.2746
842.1837,1111.71,1111.7083
842.5012,1111.77,1111.7708
842.8188,1111.28,1111.2823
843.1363,1111.50,1111.5004
843.4538,1110.24,1110.2383
843.7714,1111.10,1111.1041
844.0889,1111.24,1111.2445
844.4064,1111.49,1111.4942
844.7240,1110.91,1110.9106
845.0415,1110.93,1110.9291
845.3591,1110.95,1110.9472
845.6766,1110.58,1110.5811
845.9941,1110.80,1110.8012
846.3117,1111.08,1111.0816
846.6292,1110.46,1110.4619
846.9468,1109.75,1109.7530
847.2643,1110.52,1110.5157
847.5818,1111.26,1111.2584
847.8994,1110.37,1110.3656
848.2169,1110.36,1110.3637
848.5344,1109.97,1109.9711
848.8520,1109.88,1109.8784
849.1695,1110.60,1110.5987
849.4871,1110.50,1110.5046
849.8046,1110.06,1110.0626
850.1221,1109.62,1109.6173
850.4397,1110.74,1110.7417
850.7572,1109.20,1109.1952
851.0747,1110.49,1110.4880
851.3923,1110.35,1110.3459
851.7098,1109.75,1109.7456
852.0274,1109.39,1109.3873
852.3449,1110.16,1110.1648
852.6624,1109.72,1109.7206
852.9800,1109.92,1109.9244
853.2975,1109.87,1109.8657
853.6150,1109.57,1109.5719
853.9326,1110.19,1110.1939
854.2501,1110.38,1110.3793
854.5677,1110.00,1109.9984
854.8852,1108.95,1108.9481
855.2027,1109.00,1108.9990
855.5203,1109.03,1109.0326
855.8378,1109.50,1109.5034
856.1553,1109.17,1109.1661
856.4729,1108.50,1108.4999
856.7904,1109.01,1109.0138
857.1080,1109.91,1109.9145
857.4255,1110.17,1110.1736
857.7430,1108.86,1108.8625
858.0606,1108.80,1108.8046
858.3781,1108.83,1108.8345
858.6957,1108.15,1108.1487
859.0132,1108.30,1108.2987
859.3307,1107.98,1107.9783
859.6483,1108.42,1108.4180
859.9658,1108.64,1108.6402
860.2833,1108.90,1108.8981
860.6009,1107.70,1107.7028
860.9184,1108.42,1108.4192
861.2360,1108.65,1108.6506
861.5535,1108.62,1108.6178
861.8710,1108.57,1108.5709
862.1886,1108.32,1108.3223
862.5061,1108.33,1108.3342
862.8236,1107.51,1107.5118
863.1412,1108.26,1108.2561
863.4587,1108.02,1108.0160
863.7763,1107.26,1107.2644
864.0938,1107.57,1107.5670
864.4113,1107.97,1107.9720
864.7289,1107.53,1107.5346
865.0464,1107.08,1107.0801
865.3639,1107.88,1107.8767
865.6815,1108.03,1108.0336
865.9990,1107.17,1107.1698
866.3166,1108.06,1108.0602
866.6341,1107.94,1107.9435
866.9516,1107.71,1107.7137
867.2692,1108.12,1108.1195
867.5867,1107.32,1107.3173
867.9043,1107.55,1107.5481
868.2218,1106.91,1106.9134
868.5393,1107.65,1107.6471
868.8569,1107.60,1107.5977
869.1744,1107.07,1107.0661
869.4919,1107.92,1107.9164
869.8095,1107.69,1107.6878
870.1270,1107.58,1107.5825
870.4446,1106.88,1106.8778
870.7621,1107.88,1107.8839
871.0796,1107.43,1107.4258
871.3972,1107.31,1107.3074
871.7147,1107.26,1107.2607
872.0322,1106.84,1106.8434
872.3498,1107.41,1107.4086
872.6673,1106.64,1106.6401
872.9849,1107.77,1107.7736
873.3024,1107.45,1107.4537
873.6199,1105.84,1105.8374
873.9375,1106.74,1106.7352
874.2550,1106.28,1106.2767
874.5725,1106.56,1106.5608
874.8901,1106.63,1106.6310
875.2076,1106.62,1106.6210
875.5252,1106.80,1106.7966
875.8427,1106.10,1106.0967
876.1602,1107.14,1107.1383
876.4778,1106.19,1106.1939
876.7953,1107.23,1107.2311
877.1128,1106.75,1106.7517
877.4304,1105.96,1105.9646
877.7479,1106.60,1106.6000
878.0655,1106.07,1106.0745
878.3830,1105.89,1105.8931
878.7005,1106.13,1106.1284
879.0181,1106.70,1106.6975
879.3356,1106.50,1106.5036
879.6532,1106.35,1106.3505
879.9707,1106.56,1106.5624
880.2882,1106.49,1106.4925
880.6058,1106.54,1106.5440
880.9233,1106.75,1106.7478
881.2408,1105.21,1105.2120
881.5584,1105.77,1105.7651
881.8759,1106.12,1106.1225
882.1935,1105.58,1105.5755
882.5110,1105.99,1105.9923
882.8285,1105.66,1105.6584
883.1461,1106.43,1106.4284
883.4636,1105.78,1105.7761
883.7811,1106.18,1106.1804
884.0987,1106.73,1106.7322
884.4162,1105.92,1105.9229
884.7338,1105.90,1105.8998
885.0513,1105.04,1105.0393
885.3688,1104.66,1104.6620
885.6864,1105.27,1105.2706
886.0039,1105.53,1105.5311
886.3214,1105.42,1105.4246
886.6390,1105.60,1105.6046
886.9565,1106.02,1106.0189
887.2741,1105.58,1105.5782
887.5916,1105.53,1105.5309
887.9091,1105.54,1105.5397
888.2267,1105.48,1105.4818
888.5442,1104.97,1104.9717
888.8617,1105.84,1105.8356
889.1793,1105.34,1105.3419
889.4968,1105.05,1105.0498
889.8144,1106.10,1106.0952
890.1319,1105.61,1105.6119
890.4494,1104.98,1104.9789
890.7670,1104.81,1104.8092
891.0845,1104.95,1104.9469
891.4021,1105.07,1105.0709
891.7196,1105.08,1105.0763
892.0371,1104.83,1104.8280
892.3547,1104.59,1104.5898
892.6722,1104.99,1104.9865
892.9897,1104.85,1104.8514
893.3073,1105.68,1105.6811
893.6248,1105.25,1105.2486
893.9424,1105.08,1105.0785
894.2599,1104.52,1104.5209
894.5774,1105.25,1105.2477
894.8950,1105.14,1105.1353
895.2125,1104.99,1104.9850
895.5300,1104.71,1104.7052
895.8476,1104.25,1104.2526
896.1651,1105.58,1105.5773
896.4827,1104.27,1104.2749
896.8002,1104.39,1104.3914
897.1177,1105.09,1105.0874
897.4353,1104.65,1104.6463
897.7528,1103.98,1103.9807
898.0703,1104.24,1104.2427
898.3879,1104.97,1104.9734
898.7054,1104.59,1104.5857
899.0230,1104.47,1104.4713
899.3405,1104.55,1104.5523
899.6580,1104.42,1104.4248
899.9756,1103.23,1103.2286
900.2931,1104.08,1104.0768
900.6106,1104.76,1104.7637
900.9282,1103.59,1103.5940
901.2457,1104.51,1104.5069
901.5633,1104.11,1104.1091
901.8808,1104.00,1104.0015
902.1983,1104.37,1104.3744
902.5159,1103.88,1103.8816
902.8334,1104.24,1104.2448
903.1510,1103.40,1103.4031
903.4685,1104.17,1104.1665
903.7860,1103.39,1103.3925
904.1036,1104.36,1104.3564
904.4211,1103.88,1103.8760
904.7386,1103.85,1103.8523
905.0562,1104.20,1104.1993
905.3737,1103.46,1103.4562
905.6913,1103.65,1103.6479
906.0088,1103.76,1103.7606
906.3263,1103.32,1103.3227
906.6439,1103.63,1103.6315
906.9614,1104.27,1104.2711
907.2789,1103.56,1103.5598
907.5965,1103.39,1103.3858
907.9140,1104.59,1104.5882
908.2316,1103.77,1103.7665
908.5491,1103.38,1103.3802
908.8666,1104.27,1104.2667
909.1842,1103.91,1103.9112
909.5017,1103.25,1103.2518
909.8192,1104.16,1104.1566
910.1368,1103.63,1103.6272
910.4543,1102.98,1102.9841
910.7719,1103.66,1103.6632
911.0894,1103.83,1103.8305
911.4069,1104.24,1104.2379
911.7245,1103.28,1103.2796
912.0420,1103.80,1103.8041
912.3596,1103.66,1103.6578
912.6771,1103.56,1103.5619
912.9946,1103.94,1103.9418
913.3122,1103.86,1103.8614
913.6297,1103.51,1103.5071
913.9472,1103.51,1103.5059
914.2648,1103.69,1103.6916
914.5823,1103.47,1103.4742
914.8999,1102.52,1102.5210
915.2174,1104.00,1104.0042
915.5349,1103.08,1103.0779
915.8525,1103.24,1103.2374
916.1700,1103.46,1103.4641
916.4875,1103.22,1103.2198
916.8051,1103.30,1103.3046
917.1226,1102.91,1102.9100
917.4402,1103.38,1103.3770
917.7577,1103.18,1103.1758
918.0752,1102.87,1102.8656
918.3928,1102.36,1102.3602
918.7103,1104.03,1104.0298
919.0278,1102.01,1102.0103
919.3454,1102.78,1102.7799
919.6629,1103.10,1103.0981
919.9805,1102.92,1102.9181
920.2980,1102.70,1102.7028
920.6155,1103.97,1103.9746
920.9331,1103.40,1103.4006
921.2506,1103.11,1103.1127
921.5681,1103.99,1103.9942
921.8857,1102.84,1102.8411
922.2032,1103.08,1103.0799
922.5208,1103.08,1103.0811
922.8383,1102.90,1102.9015
923.1558,1102.88,1102.8755
923.4734,1102.55,1102.5467
923.7909,1103.14,1103.1386
924.1085,1102.09,1102.0887
924.4260,1102.03,1102.0318
924.7435,1103.31,1103.3133
925.0611,1103.16,1103.1633
925.3786,1101.13,1101.1266
925.6961,1102.01,1102.0125
926.0137,1103.01,1103.0067
926.3312,1102.85,1102.8476
926.6488,1102.57,1102.5743
926.9663,1102.42,1102.4195
927.2838,1102.33,1102.3344
927.6014,1103.18,1103.1850
927.9189,1102.40,1102.4041
928.2364,1102.64,1102.6365
928.5540,1102.33,1102.3284
928.8715,1102.40,1102.3999
929.1891,1102.96,1102.9571
929.5066,1103.00,1103.0000
929.8241,1102.23,1102.2265
930.1417,1102.16,1102.1568
930.4592,1101.33,1101.3350
930.7767,1102.47,1102.4655
931.0943,1102.31,1102.3118
931.4118,1102.78,1102.7768
931.7294,1102.60,1102.6001
932.0469,1102.17,1102.1702
932.3644,1102.21,1102.2121
932.6820,1101.28,1101.2831
932.9995,1101.96,1101.9577
933.3170,1101.67,1101.6689
933.6346,1101.40,1101.4023
933.9521,1102.63,1102.6273
934.2697,1102.60,1102.6023
934.5872,1101.51,1101.5148
934.9047,1102.43,1102.4342
935.2223,1101.76,1101.7584
935.5398,1102.04,1102.0445
935.8574,1102.17,1102.1666
936.1749,1102.54,1102.5437
936.4924,1101.64,1101.6423
936.8100,1102.65,1102.6543
937.1275,1101.69,1101.6920
937.4450,1101.85,1101.8501
937.7626,1102.95,1102.9486
938.0801,1101.35,1101.3522
938.3977,1102.08,1102.0765
938.7152,1102.73,1102.7339
939.0327,1102.04,1102.0374
939.3503,1101.17,1101.1702
939.6678,1101.84,1101.8447
939.9853,1102.40,1102.3981
940.3029,1102.41,1102.4089
940.6204,1101.95,1101.9482
940.9380,1102.69,1102.6894
941.2555,1102.68,1102.6827
941.5730,1101.53,1101.5316
941.8906,1101.95,1101.9529
942.2081,1102.33,1102.3285
942.5256,1102.18,1102.1786
942.8432,1101.54,1101.5357
943.1607,1102.20,1102.1975
943.4783,1102.18,1102.1820
943.7958,1101.74,1101.7392
944.1133,1102.17,1102.1664
944.4309,1101.75,1101.7535
944.7484,1102.01,1102.0127
945.0660,1102.29,1102.2911
945.3835,1102.05,1102.0497
945.7010,1101.86,1101.8649
946.0186,1101.39,1101.3931
946.3361,1102.59,1102.5938
946.6536,1101.36,1101.3626
946.9712,1101.90,1101.8976
947.2887,1101.68,1101.6757
947.6063,1101.70,1101.6959
947.9238,1101.49,1101.4889
948.2413,1101.27,1101.2745
948.5589,1101.23,1101.2305
948.8764,1101.64,1101.6384
949.1939,1101.55,1101.5493
949.5115,1101.57,1101.5697
949.8290,1101.85,1101.8500
950.1466,1100.89,1100.8945
950.4641,1101.06,1101.0642
950.7816,1101.72,1101.7181
951.0992,1101.91,1101.9142
951.4167,1101.91,1101.9138
951.7342,1101.27,1101.2667
952.0518,1101.25,1101.2451
952.3693,1101.25,1101.2465
952.6869,1101.19,1101.1916
953.0044,1100.73,1100.7292
953.3219,1101.62,1101.6215
953.6395,1101.61,1101.6053
953.9570,1101.99,1101.9894
954.2745,1100.84,1100.8396
954.5921,1101.04,1101.0374
954.9096,1101.23,1101.2295
955.2272,1101.51,1101.5131
955.5447,1101.65,1101.6491
955.8622,1102.03,1102.0273
956.1798,1101.52,1101.5182
956.4973,1101.25,1101.2510
956.8149,1101.11,1101.1132
957.1324,1100.42,1100.4217
957.4499,1101.00,1101.0007
957.7675,1101.14,1101.1352
958.0850,1101.38,1101.3817
958.4025,1101.37,1101.3693
958.7201,1100.30,1100.3036
959.0376,1100.86,1100.8606
959.3552,1101.79,1101.7853
959.6727,1101.35,1101.3517
959.9902,1101.25,1101.2491
960.3078,1101.67,1101.6714
960.6253,1101.70,1101.7026
960.9428,1101.24,1101.2415
961.2604,1100.61,1100.6149
961.5779,1101.02,1101.0156
961.8955,1101.76,1101.7555
962.2130,1101.90,1101.8970
962.5305,1101.89,1101.8922
962.8481,1100.53,1100.5303
963.1656,1101.34,1101.3403
963.4831,1100.64,1100.6352
963.8007,1101.45,1101.4473
964.1182,1102.18,1102.1758
964.4358,1101.13,1101.1319
964.7533,1101.54,1101.5442
965.0708,1102.53,1102.5297
965.3884,1101.31,1101.3117
965.7059,1100.89,1100.8876
966.0234,1101.37,1101.3656
966.3410,1101.21,1101.2099
966.6585,1101.70,1101.7022
966.9761,1100.63,1100.6287
967.2936,1101.30,1101.2981
967.6111,1100.08,1100.0838
967.9287,1101.45,1101.4533
968.2462,1100.61,1100.6088
968.5638,1102.27,1102.2663
968.8813,1101.59,1101.5854
969.1988,1101.28,1101.2813
969.5164,1101.11,1101.1113
969.8339,1100.09,1100.0888
970.1514,1101.72,1101.7196
970.4690,1100.56,1100.5568
970.7865,1100.59,1100.5901
971.1041,1100.23,1100.2252
971.4216,1101.10,1101.1001
971.7391,1100.04,1100.0374
972.0567,1101.11,1101.1063
972.3742,1101.06,1101.0628
972.6917,1101.17,1101.1683
973.0093,1101.25,1101.2510
973.3268,1100.59,1100.5900
973.6444,1100.67,1100.6693
973.9619,1100.70,1100.7037
974.2794,1101.27,1101.2703
974.5970,1101.08,1101.0751
974.9145,1101.09,1101.0948
975.2320,1101.45,1101.4494
975.5496,1100.31,1100.3081
975.8671,1101.82,1101.8213
976.1847,1100.55,1100.5547
976.5022,1101.06,1101.0584
976.8197,1100.96,1100.9590
977.1373,1100.72,1100.7200
977.4548,1100.54,1100.5355
977.7723,1100.97,1100.9663
978.0899,1101.12,1101.1242
978.4074,1100.51,1100.5082
978.7250,1100.89,1100.8871
979.0425,1101.04,1101.0388
979.3600,1101.18,1101.1778
979.6776,1100.83,1100.8326
979.9951,1100.21,1100.2076
980.3127,1101.38,1101.3827
980.6302,1100.38,1100.3776
980.9477,1099.95,1099.9494
981.2653,1100.23,1100.2253
981.5828,1101.10,1101.0977
981.9003,1101.10,1101.1043
982.2179,1100.42,1100.4239
982.5354,1100.86,1100.8647
982.8530,1100.66,1100.6639
983.1705,1099.80,1099.8008
983.4880,1101.04,1101.0417
983.8056,1100.51,1100.5079
984.1231,1100.67,1100.6675
984.4406,1100.51,1100.5065
984.7582,1100.75,1100.7519
985.0757,1100.38,1100.3800
985.3933,1100.02,1100.0231
985.7108,1100.38,1100.3801
986.0283,1100.94,1100.9400
986.3459,1100.17,1100.1682
986.6634,1101.53,1101.5254
986.9809,1101.15,1101.1515
987.2985,1100.61,1100.6075
987.6160,1100.14,1100.1411
987.9336,1100.89,1100.8854
988.2511,1100.77,1100.7741
988.5686,1099.99,1099.9857
988.8862,1100.48,1100.4774
989.2037,1101.02,1101.0183
989.5213,1100.69,1100.6946
989.8388,1100.86,1100.8592
990.1563,1101.02,1101.0153
990.4739,1101.02,1101.0160
990.7914,1101.29,1101.2880
991.1089,1100.37,1100.3729
991.4265,1099.95,1099.9497
991.7440,1100.82,1100.8228
992.0616,1101.02,1101.0172
992.3791,1100.43,1100.4307
992.6966,1101.25,1101.2522
993.0142,1100.65,1100.6455
993.3317,1100.97,1100.9748
993.6492,1100.37,1100.3737
993.9668,1100.93,1100.9261
994.2843,1100.18,1100.1797
994.6019,1101.06,1101.0645
994.9194,1100.13,1100.1341
995.2369,1100.55,1100.5542
995.5545,1100.71,1100.7058
995.8720,1100.43,1100.4294
996.1895,1100.13,1100.1272
996.5071,1100.98,1100.9850
996.8246,1100.24,1100.2434
997.1422,1100.31,1100.3069
997.4597,1100.18,1100.1778
997.7772,1099.74,1099.7361
998.0948,1099.60,1099.6035
998.4123,1100.89,1100.8879
998.7298,1100.00,1099.9950
999.0474,1101.75,1101.7494
999.3649,1100.69,1100.6936
999.6825,1100.94,1100.9416
1000.0000,1101.10,1101.0971
